person_id,survey_year,education_code
P036574,2024,E2
P024369,2024,E2
P012500,2024,E2
P040237,2024,E2
P017699,2024,E3
P038764,2024,E1
P025777,2024,E4
P013029,2024,E2
P033954,2024,E4
P024803,2024,E2
P027915,2024,E3
P007559,2024,E3
P031728,2024,E3
P024939,2024,E1
P027878,2024,E3
P009610,2024,E3
P018837,2024,E4
P009863,2024,E3
P004396,2024,E1
P022603,2024,E2
P033998,2024,E4
P020866,2024,E1
P023574,2024,E2
P038928,2024,E2
P004052,2024,E4
P024404,2024,E3
P029267,2024,E1
P036147,2024,E2
P039488,2024,E5
P033437,2024,E4
P007692,2024,E2
P033880,2024,E2
P037034,2024,E2
P020523,2024,E4
P026117,2023,E3
P043028,2024,E3
P029621,2024,E2
P045692,2024,E3
P036954,2024,E4
P014173,2024,E2
P001316,2024,E3
P039030,2024,E1
P007214,2024,E2
P035924,2024,E2
P043946,2024,E2
P020386,2024,E3
P002218,2024,E1
P044351,2024,E5
P019142,2024,E5
P005047,2024,E2
P002533,2024,E3
P048884,2024,E2
P008471,2024,E1
P039322,2024,E3
P016832,2024,E1
P032321,2024,E5
P047128,2024,E2
P034205,2024,E3
P012263,2024,E3
P040746,2024,E2
P041283,2024,E1
P022215,2024,E3
P018787,2024,E3
P017664,2024,E4
P035885,2024,E2
P004678,2024,E6
P046391,2024,E3
P004241,2024,E3
P021701,2024,E2
P039844,2024,E2
P049683,2024,E3
P025274,2024,E2
P040557,2024,E2
P032675,2024,E2
P023263,2024,E2
P039573,2024,E4
P030827,2024,E3
P020394,2024,E3
P045843,2024,E3
P029834,2024,E3
P003017,2024,E2
P045828,2024,E4
P033362,2024,E4
P009439,2024,E4
P026747,2024,E3
P013840,2024,E5
P020555,2024,E3
P012369,2024,E3
P034061,2024,E4
P042384,2024,E4
P008433,2024,E5
P000613,2024,E2
P033165,2024,E4
P009403,2024,E4
P017479,2024,E3
P040065,2024,E3
P035635,2024,E3
P017048,2024,E4
P030656,2024,E5
P042594,2024,E4
P016137,2024,E3
P031798,2024,E3
P032587,2024,E3
P031533,2024,E4
P034791,2024,E4
P024291,2024,E3
P038197,2024,E4
P038025,2024,E2
P048092,2024,E2
P040083,2024,E2
P040490,2024,E3
P005324,2024,E3
P036536,2024,E5
P035665,2024,E3
P024681,2024,E4
P035008,2024,E3
P008730,2024,E1
P046340,2024,E2
P023368,2024,E4
P012459,2024,E2
P033200,2024,E4
P023513,2024,E3
P032339,2024,E4
P046571,2024,E3
P031050,2024,E3
P048797,2024,E5
P037417,2024,E3
P029004,2024,E3
P041657,2024,E3
P010174,2024,E2
P024988,2024,E4
P023431,2024,E1
P030088,2024,E2
P008025,2024,E3
P033909,2024,E3
P023046,2024,E2
P005603,2024,E3
P031435,2024,E3
P002073,2024,E2
P023795,2024,E3
P037688,2024,E3
P036714,2024,E2
P016591,2024,E3
P035255,2024,E3
P044122,2024,E4
P028184,2024,E2
P000433,2024,E2
P044830,2024,E2
P042890,2024,E1
P033504,2024,E3
P041560,2024,E4
P006044,2024,E1
P022924,2024,E2
P010762,2024,E3
P021431,2024,E2
P032401,2024,E4
P004159,2024,E1
P031787,2024,E4
P015687,2024,E2
P037968,2024,E2
P038288,2024,E5
P001870,2024,E3
P001687,2024,E3
P007943,2024,E3
P017042,2024,E5
P036379,2024,E1
P028058,2024,E3
P007341,2024,E4
P032064,2024,E2
P043922,2024,E5
P042658,2024,E3
P036116,2024,E3
P026881,2024,E3
P035605,2024,E3
P007236,2024,E3
P016535,2024,E2
P023747,2024,E1
P003948,2024,E3
P028314,2024,E4
P036576,2024,E3
P015607,2024,E4
P008928,2024,E3
P009391,2024,E3
P025508,2024,E4
P013974,2024,E5
P045147,2024,E3
P017318,2024,E2
P024953,2024,E2
P008164,2024,E3
P037560,2024,E3
P017722,2024,E1
P040301,2024,E2
P010504,2024,E1
P043554,2024,E3
P033323,2024,E4
P000723,2024,E4
P036066,2024,E1
P019105,2024,E2
P005219,2024,E2
P047278,2024,E3
P024773,2024,E3
P027047,2024,E3
P041769,2024,E2
P045644,2024,E4
P006286,2024,E3
P010360,2024,E2
P041368,2024,E4
P009949,2024,E1
P006774,2024,E3
P045519,2024,E2
P005815,2024,E5
P041804,2024,E4
P043007,2024,E3
P047476,2024,E2
P047186,2024,E2
P002086,2024,E4
P021493,2024,E5
P017769,2024,E4
P018195,2024,E2
P022116,2024,E2
P046517,2024,E2
P017346,2024,E4
P042312,2024,E5
P012746,2024,E5
P004804,2024,E1
P038236,2024,E3
P037205,2024,E2
P039615,2024,E1
P017868,2024,E2
P020350,2024,E4
P004333,2024,E3
P002474,2024,E3
P047317,2024,E1
P022439,2024,E4
P015483,2024,E4
P024434,2024,E3
P016221,2024,E2
P034149,2024,E3
P032365,2024,E2
P049435,2024,E2
P045480,2024,E2
P009297,2024,E3
P047311,2024,E5
P007610,2024,E2
P020573,2024,E3
P049687,2024,E1
P008227,2024,E4
P016673,2024,E2
P014230,2024,E3
P022436,2024,E3
P026140,2024,E1
P047546,2024,E5
P046464,2024,E5
P015023,2024,E3
P038018,2024,
P042835,2024,E5
P037458,2024,E3
P007116,2024,E4
P001496,2024,E2
P028163,2024,E2
P042685,2024,E4
P004881,2024,E5
P047474,2023,E3
P027384,2024,E2
P012510,2024,E2
P010650,2024,E1
P035690,2024,E2
P045332,2024,E3
P014232,2024,E3
P031645,2024,E2
P024652,2024,E2
P041500,2024,E2
P037173,2024,E2
P026368,2024,E3
P031745,2024,E3
P012816,2024,E3
P001313,2024,E2
P048647,2024,E2
P019628,2024,E3
P039632,2024,E3
P019011,2024,E2
P047390,2024,E2
P004604,2024,E4
P029495,2024,E3
P049418,2024,E2
P003803,2024,E3
P017004,2024,E3
P025381,2024,E3
P010817,2024,E4
P012629,2024,E3
P003769,2024,E2
P018876,2024,E3
P041510,2024,E1
P024928,2024,E3
P020307,2024,E3
P021225,2024,E2
P031744,2024,E4
P020548,2024,E3
P016857,2024,E2
P007602,2024,E2
P033308,2024,E3
P028548,2024,E3
P004382,2024,E3
P007536,2024,E5
P026737,2024,E2
P013926,2024,E2
P021381,2024,E5
P034865,2024,E1
P029851,2024,E3
P038266,2024,E2
P016762,2024,E2
P040036,2024,E3
P023956,2024,E2
P030373,2024,E3
P044129,2024,E3
P046848,2024,E2
P043077,2024,E3
P046594,2024,E4
,2024,E3
P029005,2024,E3
P005928,2024,E3
P043750,2024,E3
P024614,2024,E5
P011653,2024,E4
P022053,2024,E6
P040336,2024,E3
P012975,2024,E5
P017267,2024,E2
P009740,2024,E5
P009196,2024,E4
P027789,2024,E3
P047521,2024,E2
P009758,2024,E3
P032369,2024,E3
P005142,2024,E3
P035501,2024,E3
P030670,2024,E4
P017237,2024,E1
P032472,2024,E3
P031353,2024,E3
P003018,2024,E3
P023694,2024,E3
P021739,2024,E4
P004828,2024,E4
P005240,2024,E1
P028785,2024,E3
P045462,2024,E3
P024617,2024,E3
P005584,2024,E2
P048708,2024,E3
P036763,2024,E3
P025563,2024,E3
P045011,2024,E3
P019671,2024,E2
P045312,2024,E4
P004069,2024,E2
P006828,2024,E3
P027488,2024,E3
P009193,2024,E4
P038405,2024,E2
P009117,2024,E1
P004425,2024,E3
P034736,2024,E4
P045385,2024,E3
P040865,2024,E4
P043786,2024,E3
P028517,2024,E1
P004487,2024,E2
P000196,2024,E3
P042411,2024,
P008997,2024,E5
P010519,2024,E3
P045115,2024,E5
P038978,2024,E2
P017275,2024,E4
P027266,2024,E3
P000024,2024,E2
P043116,2024,E2
P000636,2024,E3
P016927,2024,E3
P034790,2024,E3
P028047,2024,E6
P029166,2024,E4
P027720,2024,E3
P025689,2024,E5
P007057,2024,E2
P010209,2024,E2
P026908,2024,E3
P034740,2024,E2
P038763,2024,E3
P032023,2024,E3
P045714,2024,E3
P004790,2024,E3
P007756,2024,E3
P034429,2024,E3
P036753,2024,E2
P041819,2024,E5
P035942,2024,E3
P000163,2024,E4
P023566,2024,E3
P043231,2024,E2
P005057,2024,E2
P025606,2024,E1
P006656,2024,E2
P004284,2024,E6
P037028,2024,E5
P037805,2024,E2
P007512,2024,E4
P034229,2024,E2
P032599,2024,E3
P031391,2024,E4
P022321,2024,E2
P019301,2024,E2
P036345,2024,E3
P003133,2024,E3
P009518,2024,E2
P023047,2024,E4
P010559,2024,E2
P008584,2024,E4
P033372,2024,E2
P041734,2024,E4
P048569,2024,
P025336,2024,E3
P013506,2024,E1
P009515,2024,E4
P028077,2024,E3
P009897,2024,E2
P040997,2024,E3
P003911,2024,E3
P045596,2024,E6
P002601,2024,E3
P009569,2024,E3
P012325,2024,E3
P002211,2024,E4
P035945,2024,E4
P028658,2024,E3
P014102,2024,E3
P035539,2024,E3
P045653,2024,E2
P047595,2024,E2
P026608,2024,E3
P015946,2024,E3
P008555,2024,E3
P030812,2024,E4
P026878,2024,E2
P024484,2024,E5
P043610,2024,E3
P005061,2024,E3
P026582,2024,E3
P045450,2024,E3
P017140,2024,E2
P004325,2024,E4
P042247,2024,E3
P009086,2024,E4
P037345,2024,E3
P037562,2024,E3
P025186,2024,E2
P025309,2024,E1
P014636,2024,E2
P006673,2024,E3
P033784,2024,E2
P009452,2024,E2
P010264,2024,E3
P045757,2024,E3
P046363,2024,E4
P017355,2024,E3
P038162,2024,E5
P035575,2024,E3
P016855,2024,E1
P012405,2024,E3
P007947,2024,E3
P041143,2024,E3
P034146,2024,E3
P044300,2024,E3
P041124,2024,E3
P022551,2024,E4
P016838,2024,E3
P009655,2024,E4
P015805,2024,E2
P043245,2024,E5
P032136,2024,E2
P011487,2024,E2
P018305,2024,E3
P001924,2024,E3
P037987,2024,E4
P033656,2024,E2
P043392,2024,E2
P032873,2024,E4
P009714,2024,E6
P028464,2024,E3
P026851,2024,E3
P010997,2024,E1
P034633,2024,E2
P044171,2024,E1
P016911,2024,E3
P005610,2024,E2
P035694,2024,E3
P000252,2024,E2
P042236,2024,E4
P020900,2024,E3
P017544,2024,E5
P030971,2024,E2
P030355,2024,E2
P015637,2024,E3
P028400,2024,E3
P043223,2024,E1
P037763,2024,E3
P029920,2024,E3
P002361,2024,E3
P038549,2024,E3
P016141,2024,E3
P003474,2024,E3
P011828,2024,E4
P012933,2024,E2
P013151,2024,E4
P040412,2024,E2
P012861,2024,E4
P003715,2024,E3
P009896,2024,E4
P010505,2024,E3
P018109,2024,E2
P042430,2024,E3
P026958,2024,E4
P002291,2024,E4
P005247,2024,E3
P048202,2024,E3
P043294,2024,E3
P002964,2024,E2
P000106,2023,E3
P014440,2024,E5
P034660,2024,E3
P022311,2024,E4
P018203,2024,E3
P020060,2024,E4
P007701,2024,E2
P015008,2024,E3
P023176,2024,E2
P044761,2024,E2
P031552,2024,E3
P014890,2024,E5
P004987,2024,E3
P005434,2024,E3
P023131,2024,E6
P001980,2024,E5
P018025,2024,E1
P042245,2024,E3
P046705,2024,E3
P012384,2024,E3
P000448,2024,E6
P046085,2024,E3
P016044,2024,E4
P000434,2024,
P010160,2024,E3
P005839,2024,E4
P030644,2024,E4
P018150,2024,E3
P038102,2024,E2
P037310,2024,E3
P041595,2024,E3
P034659,2024,E3
P006741,2024,E3
P035315,2024,E5
P044974,2024,E1
P009381,2024,E1
P032094,2024,E4
P036705,2024,E2
P013584,2024,E2
P021588,2024,E2
P001593,2024,E5
P009316,2024,E4
P029220,2024,E3
P020950,2024,E4
P029919,2024,E5
P028150,2024,E2
P036377,2024,E4
P019928,2024,E1
P032868,2024,E3
P001421,2024,E3
P029137,2024,E4
P001469,2024,E3
P003735,2024,E3
P008553,2024,E4
P010343,2024,E5
P009585,2024,E1
P020197,2024,E4
P048527,2024,E4
P033259,2024,E3
P033125,2024,E5
P003235,2024,E3
P030324,2024,E3
P037076,2024,E2
P019365,2024,E4
P033609,2024,E5
P017729,2024,E5
P018313,2024,E3
P035192,2024,E6
P041120,2024,E2
P024777,2024,E5
P037908,2024,E3
P004297,2024,E2
P031062,2024,E5
P042989,2024,E1
P002091,2024,E3
P029519,2024,E4
P022581,2024,E4
P043125,2024,E3
P021692,2024,
P003437,2024,E2
,2024,E4
P036402,2024,E4
P031403,2024,E3
P041886,2024,E3
P006373,2024,E4
P028005,2024,E2
P046193,2024,E5
P039173,2024,E6
P000962,2024,E5
P026389,2024,E5
P002890,2024,E3
P030950,2024,E2
P046574,2024,E3
P038243,2024,E4
P012466,2024,E2
P023364,2024,E3
P016254,2024,E3
P032082,2024,E3
P013684,2024,E2
P019971,2024,E1
P047621,2024,E2
P033187,2024,E2
P028295,2024,E3
P037537,2024,E3
P024319,2024,E6
P033118,2024,E2
P022791,2024,E3
P010042,2024,E3
P024920,2024,E1
P049006,2024,E1
P044130,2024,E2
P024520,2024,E1
P035822,2024,E5
P040757,2024,E3
P019910,2024,E3
P045024,2024,E1
P036411,2024,E4
P013206,2024,E3
P033574,2024,E3
P004316,2024,E4
P010030,2024,E1
P048493,2024,E3
P024585,2024,E3
P029000,2024,E6
P011427,2024,E4
P016487,2024,E3
P040103,2024,E3
P007782,2024,E4
P032375,2024,E4
P023960,2024,E4
P034882,2024,E3
P008450,2024,E3
P016779,2024,E2
P039958,2024,E2
P008267,2024,E3
P049369,2024,E2
P021147,2024,E2
P040525,2024,E4
P028781,2024,E5
P005127,2024,E5
P030816,2024,E3
P040046,2024,E3
P046866,2024,E3
P020055,2024,E1
P015976,2024,E1
P041532,2024,E3
P049966,2024,E1
P038101,2024,E5
P021159,2024,E2
P018343,2024,E6
P018394,2024,E3
P048975,2024,E4
P004680,2024,E5
P037675,2024,E3
P026415,2024,E3
P026041,2024,E2
P025188,2024,E2
P001418,2024,E3
P004007,2024,E3
P031278,2024,E2
P026876,2024,E3
P039346,2024,E3
P039549,2024,E1
P041642,2024,E4
P010104,2024,E3
P017488,2024,E2
P034863,2024,E5
P046652,2024,E2
P022910,2024,E1
P043523,2024,E1
P009131,2024,E3
P004948,2024,E3
P001232,2024,E4
P012551,2024,E2
P048116,2024,E4
P027325,2024,E3
P034055,2024,E3
P028873,2024,E4
P036289,2024,E2
P048476,2024,E2
P012703,2024,E3
P039730,2024,E5
P046360,2024,E1
P027008,2024,E3
P005273,2024,E2
P043500,2024,E4
P034771,2024,E3
P041389,2024,E1
P032054,2024,E1
P018131,2024,E4
P018210,2024,E4
P047860,2024,E5
P022368,2024,E3
P029790,2024,E2
P033390,2024,E3
P034563,2024,E5
P022453,2024,E4
P000783,2024,E3
P037440,2024,E4
P008917,2024,E4
P010567,2024,E4
P045697,2024,E1
P022233,2024,E2
P016643,2024,E2
P018105,2024,E3
P013843,2024,E3
P046697,2024,E3
P017641,2024,E4
P031070,2024,E4
P039503,2024,E2
P040481,2024,E4
P047338,2024,E4
P044831,2024,E3
P022251,2024,E3
P021311,2024,E2
P001550,2024,E3
P005606,2024,E5
P002210,2024,E4
P039099,2024,E2
P035178,2024,E1
P027762,2024,E5
P030289,2024,E4
P008576,2024,E1
P000038,2024,E4
P003985,2024,E4
P007434,2024,E4
P012486,2024,E2
P007029,2024,E4
P049319,2024,E2
P029532,2024,E3
P009694,2024,E3
P028947,2024,E4
P042134,2024,E2
P038732,2024,E2
P010035,2024,E6
P014759,2024,E2
P007179,2024,E3
P034422,2024,E2
P034411,2024,E4
P031201,2024,E2
P018081,2024,E2
P018771,2024,E2
P018453,2024,E3
P005942,2024,E4
P001628,2024,E4
P036980,2024,E2
P045425,2024,E5
P021172,2024,E3
P007924,2024,E3
P042335,2024,E1
P040287,2024,E2
P004735,2024,E5
P024628,2024,E3
P008220,2024,E1
P035523,2024,E3
P019361,2024,E3
P025627,2024,E3
P030006,2024,E3
P037098,2024,E3
P047417,2024,E2
P040599,2024,E3
P001211,2024,E5
P016865,2024,E1
P041166,2024,E2
P041208,2024,E2
P008590,2024,E3
P001567,2024,E4
P007873,2024,E4
P035409,2024,E3
P011600,2024,E2
P004374,2024,E3
P020509,2024,E3
P033973,2024,E4
P016709,2024,E2
P011636,2024,E5
P033184,2024,E3
P038150,2024,E3
P019493,2024,E2
P007096,2024,E3
P002885,2024,E3
P020170,2024,E3
P044992,2024,E3
P031025,2024,E4
P016527,2024,E3
P035709,2024,
P047897,2024,E3
P029142,2024,E2
P016945,2024,E2
P040940,2024,E3
P032086,2024,E3
P013589,2024,E1
P039288,2024,E3
P012193,2024,E4
P041145,2024,E3
P044428,2024,E3
P029258,2024,E2
P010455,2024,E3
P028508,2024,E4
P046545,2024,E2
P033152,2024,E3
P022268,2024,E3
P042476,2024,E3
P002704,2024,E3
P047578,2024,E5
P022261,2024,E2
P036785,2024,E3
P026912,2024,E2
P043376,2024,E1
P041910,2024,E4
P046712,2024,E3
P034971,2024,E1
P048111,2024,E3
P016908,2024,E4
P035106,2024,E3
P001271,2024,E2
P004489,2024,E4
P026102,2024,E4
P022102,2024,E1
P041784,2024,E2
P039071,2024,E3
P025512,2024,E5
P005976,2024,E3
P035744,2024,E5
P010959,2024,E1
P039004,2024,E1
P010520,2024,E3
P034912,2024,E4
P002188,2024,E1
P005454,2024,E5
P033596,2024,E3
P015284,2024,E3
P047077,2024,E3
P018779,2024,E2
P040841,2024,E3
P011373,2024,E2
P046955,2024,E2
P017877,2024,E3
P004387,2024,E2
P043457,2024,E3
P016617,2024,E2
P040510,2024,
P044503,2024,E3
P040118,2024,E3
P000538,2024,E2
P008677,2024,E5
P015494,2024,E3
P026913,2024,E4
P042481,2024,E1
P034296,2024,E2
P019612,2024,E3
P037852,2024,E3
P019456,2024,E3
P009935,2024,E2
P018824,2024,E3
P038752,2024,E3
P017026,2024,E3
P030569,2024,E3
P025356,2024,E3
P032898,2024,E4
P041506,2024,E3
P006675,2024,E3
P029434,2024,E2
P026026,2024,E1
P033438,2024,E4
P003114,2024,E2
P006014,2024,E2
P036987,2024,E2
P002512,2024,E3
P044043,2024,E1
P002610,2024,E3
P028524,2024,E3
P044408,2024,E4
P016328,2024,E4
P039689,2024,E1
P009348,2024,E3
P025982,2024,E2
P035044,2024,E3
P037102,2024,E2
P030322,2024,E2
P006695,2024,E2
P017435,2024,E3
P004037,2024,E1
P027235,2024,E4
P002810,2024,E3
P049912,2024,E3
P011410,2024,E2
P006282,2024,E4
P036997,2024,E3
P003906,2024,E3
P015965,2024,E3
P002236,2024,E3
P017891,2024,E2
P022101,2024,E2
P043096,2024,E2
P020972,2024,E3
P033871,2024,E2
P020317,2024,E5
P012627,2024,E4
P001766,2024,E2
P000337,2024,
P003238,2024,E5
P033926,2024,E2
P043873,2024,E3
P022045,2023,E3
P010527,2024,E3
P036620,2024,E1
P048496,2024,E5
P022724,2024,E3
P046384,2024,E4
P041951,2024,E4
P000646,2024,E3
P031840,2024,E4
P015925,2024,E5
P004178,2024,E2
P020484,2024,E2
P047812,2024,E2
P012577,2024,E2
P015391,2024,E1
P047259,2024,E3
P015957,2024,E1
P022399,2024,E3
P045678,2024,E3
P031298,2024,E5
P047072,2024,E2
P020736,2024,E4
P044545,2024,E2
P022792,2024,E2
P021632,2024,E3
P041646,2024,E4
P018987,2024,E2
P016554,2024,E4
P012777,2024,E2
P023479,2024,E4
P023553,2024,E2
P043625,2024,E4
P021613,2024,E2
P041279,2024,E3
P006572,2024,E3
P000411,2024,E1
P032881,2024,E3
P033400,2024,E4
P004571,2024,E2
P012410,2024,E4
P046879,2024,E3
P047627,2024,E3
P040477,2024,E4
P002113,2024,E4
P004508,2024,E3
P006558,2024,E3
P001815,2024,E2
P024446,2024,E4
P001720,2024,E3
P018465,2024,E3
P015879,2024,E3
P003242,2024,E2
P008382,2024,E2
P019968,2024,E2
P040372,2024,E2
P009065,2024,E1
P003973,2024,E2
P016998,2024,E1
P001681,2024,E3
P041380,2024,E3
P004156,2024,E2
P014608,2024,E3
P016146,2024,E4
P017365,2024,E3
P044208,2024,E3
P007298,2024,E3
P008285,2024,E2
P002287,2024,E2
P017736,2024,E3
P047466,2024,E2
P046654,2024,E2
P040071,2024,E2
P042046,2024,E6
P044309,2024,E1
P016296,2024,E2
P011042,2024,E2
P045760,2024,E5
P001719,2024,E3
P021545,2024,E1
P035920,2024,E4
P023422,2024,E2
P048036,2024,E2
P024042,2024,E2
P024984,2024,E2
P025273,2024,E2
P047475,2024,E4
P003851,2024,E4
P007983,2024,E6
P002814,2024,E5
P000979,2024,
P019237,2024,E3
P044099,2024,E3
P019927,2024,E3
P049759,2024,E2
P020308,2024,E4
P020475,2024,E1
P028630,2024,E3
P029683,2024,E3
P010297,2024,E3
P026495,2024,E3
P014671,2024,E3
P042064,2024,E1
P004251,2024,E3
P045719,2024,E3
P001853,2024,E5
P003454,2024,E2
P014266,2024,E3
P028238,2024,E2
P009217,2024,E3
P044102,2024,E2
P008377,2024,E4
P029424,2024,E3
P048171,2024,E3
P025423,2024,E3
P024412,2024,E2
P000323,2024,E5
P004352,2024,
P004702,2024,E4
P011500,2024,E3
P048104,2024,E2
P033531,2024,E1
P046860,2024,E4
P042458,2024,E4
P026585,2024,E3
P023756,2024,E4
P042719,2024,E4
P035948,2024,E3
P024722,2024,E2
P024386,2024,E5
P044014,2024,E2
P026234,2024,E3
P007686,2024,E3
P024115,2024,E2
P046463,2024,E1
P035245,2024,E2
P005502,2024,E2
P029939,2024,E4
P004114,2024,E5
P049146,2024,E3
P030228,2024,E3
P028544,2024,E6
P021650,2024,E3
P022057,2024,E5
P040638,2024,E2
P045230,2024,E4
P030870,2024,E5
P024761,2024,E2
P027290,2024,E1
P037430,2024,E5
P046819,2024,E3
P017160,2024,E3
P034335,2024,E1
P009390,2024,E4
P014290,2024,E4
P036399,2024,E4
P008430,2024,E3
P031613,2024,E2
P038704,2024,E5
P030136,2024,E2
P044329,2024,E2
P019707,2024,E3
P038360,2024,E4
P021109,2024,E3
P037271,2024,E2
P022901,2024,E3
P006974,2024,E6
P028070,2024,E4
P040832,2024,E2
P015269,2024,E3
P045203,2024,E3
P048241,2024,E2
P048617,2024,E2
P042886,2024,E4
P039749,2024,E4
P014417,2024,E2
P032902,2024,E2
P048291,2024,
P031040,2024,E3
P005586,2024,E3
P033627,2024,E4
P040549,2024,E4
P035762,2024,E4
P013091,2024,E4
P041488,2024,E2
P025031,2024,E3
P032564,2024,E3
P028189,2024,E3
P010460,2024,E3
P048791,2024,E3
P002822,2024,E1
P005137,2024,E6
P018472,2024,E3
P039126,2024,E3
P049852,2024,E2
P048262,2024,E2
P016658,2024,E3
P025395,2024,E5
P048612,2024,E2
P036462,2024,E4
P030272,2024,E2
P043418,2024,E4
P043588,2024,E3
P022191,2024,E4
P004366,2024,E3
P032368,2024,E1
P032598,2024,E2
P005518,2024,E3
P037724,2024,E3
P021643,2024,E3
P047631,2024,E2
P040468,2024,E3
P011775,2024,E3
P012411,2024,E2
P049363,2024,E3
P026005,2024,E4
P039846,2024,E2
P034754,2024,E3
P029666,2024,E4
P045954,2024,E6
P003947,2024,E2
P026191,2024,E4
P037536,2024,E3
P047517,2024,E4
P038584,2024,E3
P046385,2024,E4
P033763,2024,E4
P024505,2024,E3
P023167,2024,E3
P005456,2024,E1
P049698,2024,E3
P029727,2024,E3
P037761,2024,E3
P043412,2024,E2
P023373,2024,E3
P009508,2024,E3
P014969,2024,E2
P005864,2024,E2
P019542,2024,E3
P000820,2024,E2
P031746,2024,E3
P010031,2024,E5
P043769,2024,E3
P030241,2024,E3
P031821,2024,E3
P027705,2024,E2
P047766,2024,E4
P049596,2024,E2
P041575,2024,E3
P048313,2024,E3
P027391,2024,E4
P041398,2024,E1
P021705,2024,E5
P025391,2024,E3
P026745,2024,E3
P028096,2024,E3
P038479,2024,E1
P014505,2024,E1
P030903,2024,E4
P014776,2024,E4
P015650,2024,E4
P039095,2024,E3
P018760,2024,E2
P032882,2024,E2
P026197,2024,E3
P039428,2024,E3
P008452,2024,E3
P043790,2024,E2
P000756,2024,E4
P009103,2024,E2
P006139,2024,E4
P023260,2024,E2
P038132,2024,E3
P029240,2024,E3
P011045,2024,E5
P018292,2024,E3
P049666,2024,E3
P033249,2024,E1
P029402,2024,E2
P036058,2024,E3
P034532,2024,E3
P041630,2024,E2
P030987,2024,E2
P025022,2024,E2
P017310,2024,E2
P029581,2024,E3
P011693,2024,E5
P045668,2024,E5
P028421,2024,E3
P005605,2024,E4
P031860,2024,E3
P027992,2024,E4
P021444,2024,E2
P017916,2024,E1
P043092,2024,E3
P006492,2024,E6
P030862,2024,E5
P006911,2024,E2
P000324,2024,E2
P032103,2024,E3
P030863,2024,E3
P014900,2024,E1
P046424,2024,E2
P014885,2024,E2
P031928,2024,E2
P030782,2024,E3
P014737,2024,E3
P020827,2024,E3
P010561,2024,E2
P037005,2024,E3
P012605,2024,E2
P001480,2024,E3
P032535,2024,E3
P044060,2024,E3
P020838,2024,E3
P032981,2024,E3
P032722,2024,E4
P006571,2024,E4
P026340,2024,E3
P015199,2024,E1
P012773,2024,E3
P037973,2024,E3
P045246,2024,E1
P028953,2024,E3
P032066,2024,E2
P004924,2024,E3
P024583,2024,E3
P008699,2024,E1
P045161,2024,E3
P039186,2024,E3
P027190,2024,E4
P041031,2024,E1
P046191,2024,E4
P045448,2024,E1
P019510,2024,E3
P025881,2024,E2
P008403,2024,E2
P019075,2024,E2
P044464,2024,E1
P008150,2024,E1
P036835,2024,E4
P007940,2024,E4
P033374,2024,E1
P021608,2024,E4
P034545,2024,E3
P020345,2024,E3
P031360,2024,E3
P032689,2024,E4
P019197,2024,E4
P020979,2024,E3
P005441,2024,E3
P008636,2024,E1
P003290,2024,E6
P035570,2024,E1
P034365,2024,E3
P009502,2024,E3
P027048,2024,E1
P007217,2024,E4
P046572,2024,E4
P027839,2024,E3
P009751,2024,E4
P044069,2024,E1
P017857,2024,E3
P017103,2024,E3
P005290,2024,E1
P013729,2024,E5
P037320,2024,E3
P030428,2024,E3
P029438,2024,E5
P048170,2024,E2
P012177,2024,E3
P004603,2024,E2
P028704,2024,E3
P015378,2024,E4
P003936,2024,E2
P038158,2024,E4
P013780,2024,E1
P009715,2024,E5
P023672,2024,E2
P033422,2024,E4
,2024,E5
P004855,2024,E3
P025985,2024,E3
P020566,2024,E4
P044595,2024,E3
P021385,2024,E5
P008703,2024,E2
P019970,2024,E5
P011744,2024,E3
P030051,2024,E2
P005010,2024,E5
P023112,2024,E2
P014586,2024,E3
P034015,2024,E3
P046378,2024,E2
P010968,2024,E1
P044164,2024,E2
P045543,2024,E2
P022181,2024,E5
P037194,2024,E2
P024143,2024,E2
P004306,2024,E3
P049390,2024,E2
P015774,2024,E3
P037963,2024,E5
P007742,2024,E2
P030639,2024,E4
P034749,2024,E2
P049155,2024,E5
P043592,2024,E2
P031418,2024,E4
P008461,2024,E2
P027696,2024,E3
P048678,2024,E4
P017903,2024,E3
P049716,2024,E3
P030855,2024,E3
P022604,2024,E2
P026564,2024,E2
P045303,2024,E1
P002380,2024,E3
P037673,2024,E1
P041534,2024,E3
P039624,2024,E3
P027309,2024,E2
P014526,2024,E3
P009415,2024,E3
P037711,2024,E3
P044197,2024,E2
P012148,2024,E2
P001502,2024,E2
P017493,2024,E4
P027578,2024,E2
P025565,2024,E3
P031086,2024,E4
P033736,2024,E5
P005808,2024,E3
P044251,2024,E3
P015412,2024,E3
P023275,2024,E3
P024077,2024,E6
P003330,2024,E4
P003522,2024,E2
P016041,2024,E6
P029072,2024,E2
P005944,2024,E4
P048902,2024,E3
P011579,2024,E3
P031121,2024,E1
P029615,2024,E3
P040457,2024,E1
P041574,2024,E2
P038589,2024,E3
P006145,2024,E1
P046044,2024,E5
P017726,2024,E3
P047305,2024,E3
P042811,2024,E3
P037809,2024,E2
P024951,2024,E2
P041530,2024,E3
P043352,2024,E3
P015593,2024,E3
P026169,2024,E2
P026741,2024,E3
P048378,2024,E3
P048711,2024,E2
P037947,2024,E2
P039262,2024,E4
P037701,2024,E5
P015617,2024,E3
P018610,2024,E_UNKNOWN
P031952,2024,E2
P022726,2024,E4
P000988,2024,E3
P015396,2024,E2
P030723,2024,E1
P044919,2024,E3
P028210,2024,E3
P047646,2024,E6
P046109,2024,E2
P006358,2024,E2
P038005,2024,E3
P013353,2024,E3
P042483,2024,E3
P031949,2024,E2
P013387,2024,E2
P045780,2024,E3
P010424,2024,E3
P036375,2024,E1
P046287,2024,
P047912,2024,E3
P015738,2024,E3
P003096,2024,E2
P028229,2024,E1
P000094,2024,E1
P007962,2024,E4
P004576,2024,E3
P034513,2024,E3
P039034,2024,E3
P011549,2024,E2
P046246,2024,E1
P038772,2024,E3
P021157,2024,E5
P002995,2024,E4
P019723,2024,E3
P047607,2024,E1
P037663,2024,E1
P049868,2024,E4
P016940,2024,E2
P007881,2024,E3
P045892,2024,E4
P025195,2024,E3
P014857,2024,E4
P035328,2024,E6
P026886,2024,E5
P032062,2024,E5
P008712,2024,E5
P017195,2024,E2
P011765,2024,E2
P020353,2024,E2
P004942,2024,E2
P027140,2024,E2
P035879,2024,E4
P022985,2024,E3
P007819,2024,E3
P020312,2024,E2
P041990,2024,E2
P016877,2024,E4
P014028,2024,E5
P045874,2024,E2
P002473,2024,E4
P047275,2024,E4
P041872,2024,E3
P049835,2024,E5
P040482,2024,E4
P025524,2024,E5
P015021,2024,E3
P038402,2024,E2
P048652,2024,E5
P009119,2024,E1
P009253,2024,E3
P017273,2024,E3
P038139,2024,E5
P011651,2024,E3
P024357,2024,E3
P038614,2024,E3
P026834,2024,E1
P041067,2024,E1
P046508,2024,E4
P013986,2024,E3
P028822,2024,E3
P045035,2024,E5
P002898,2024,E2
P047516,2024,E4
P018658,2024,E1
P049421,2024,E3
P032962,2024,E3
P042181,2024,E4
P006723,2024,E5
P030526,2024,E3
P007826,2024,E3
P050000,2024,E3
P040690,2024,E1
P021674,2024,E4
P049270,2024,E6
P008954,2024,E4
P004107,2024,E2
P000507,2024,E4
P006585,2024,E2
P014068,2024,E1
P020238,2024,E6
P022922,2024,E1
P046743,2024,E5
P004621,2024,E4
P001988,2024,E3
P021457,2024,E4
P017269,2024,E1
P045624,2024,E2
P001633,2024,E3
P019822,2024,E3
P016878,2024,E3
P031187,2024,E3
P014819,2024,E3
P025576,2024,E2
P044766,2024,E2
P022986,2024,E5
P009346,2024,E3
P006499,2024,E3
P022039,2024,E4
P007297,2024,E4
P039093,2024,E3
P036047,2024,E2
P019225,2024,E3
P022934,2024,E3
P004852,2024,E3
P017341,2024,E3
P049590,2024,E3
P026453,2024,E4
P048371,2024,E2
P026980,2024,E5
P045474,2024,E2
P041244,2024,E4
P006150,2024,E2
P023220,2024,E4
P020203,2024,E6
P042867,2024,E2
P034565,2024,E4
P001836,2024,E4
P023133,2024,E3
P011677,2024,E2
P018066,2024,E3
P013130,2024,E3
P024806,2024,E3
P038248,2024,E1
P002105,2024,E3
P037410,2024,E6
P027748,2024,E5
P018537,2024,E1
P026832,2024,E1
P017816,2024,E1
P011845,2024,E3
P042500,2024,E1
P039678,2024,E3
P004043,2024,E3
P010021,2024,E6
P010542,2024,E2
P047488,2024,E5
P033939,2024,E3
P031490,2024,E4
P048043,2024,E3
P036755,2024,E4
P021683,2024,E3
P012261,2024,E3
P020543,2024,E3
P021271,2024,E3
P031405,2024,E5
P026692,2024,E2
P038684,2024,E5
P015289,2024,E2
P029883,2024,E2
P012220,2024,E3
P040795,2024,E2
P012647,2024,E2
P043964,2024,E3
P047365,2024,E3
P042665,2024,E1
P003283,2024,E2
P007174,2024,E3
P028073,2024,E2
P005002,2024,E2
P003080,2024,E4
P018517,2024,E2
P028060,2024,E3
P002117,2024,E3
P009207,2024,E6
P029637,2024,E1
P007503,2024,E4
P012299,2024,E4
P008620,2024,E3
P045910,2024,E3
P012623,2024,E2
P036424,2024,E2
P030256,2024,E4
P035499,2024,E4
P024575,2024,E2
P032455,2024,E2
P026245,2024,E2
P018867,2024,E2
P027442,2024,E3
P038189,2024,E3
P008656,2024,E4
P011163,2024,E2
P013600,2024,E3
P045298,2024,E4
P025452,2024,E4
,2024,E2
P010137,2024,E2
P040203,2024,E6
P035071,2024,E2
P027944,2024,E2
P008821,2024,E3
P047412,2024,E3
P000640,2024,E4
P020724,2024,E4
P041745,2024,E2
P044969,2024,E3
P002927,2024,E4
P022602,2024,E4
P046257,2024,E4
P047891,2024,E2
P019926,2024,E3
P025377,2024,E2
P024083,2024,E3
P042388,2024,E2
P036751,2024,E2
P019797,2024,E3
P039925,2024,E3
P047148,2024,E4
P040387,2024,E3
P036051,2024,E1
P028851,2024,E4
P018657,2024,E2
P032052,2024,E3
P032878,2024,E4
P011181,2024,E5
P022183,2024,E3
P016549,2024,E6
P031136,2024,E4
P043587,2024,E2
P030752,2024,E3
P032231,2024,E2
P025218,2024,E3
P021691,2024,E4
P020546,2024,E3
P026162,2024,E4
P009374,2024,E3
P033358,2024,E5
P028832,2024,E2
P047407,2024,
P017250,2024,E1
P031072,2024,E2
P009111,2024,E3
P026985,2024,E2
P049724,2024,E2
P020110,2024,E3
P039518,2024,E3
P029138,2024,E3
P023992,2024,E3
P014533,2024,E3
P000282,2024,E3
P000534,2024,E3
P037614,2024,E2
P041638,2024,E2
P015990,2024,E4
P013441,2024,E2
P002754,2024,E2
P005353,2024,E2
P034441,2024,E3
P004619,2024,
P033318,2024,E2
P035032,2024,E3
P003689,2024,E3
P014744,2024,E3
P037585,2024,E4
P017932,2024,E3
P038286,2024,E4
P032742,2024,E4
P006984,2024,E6
P044190,2024,E3
P015117,2024,E3
P049510,2024,E1
P020956,2024,E3
P034237,2024,E2
P011108,2024,E2
P045415,2024,E3
P034936,2024,E6
P032018,2024,E3
P039167,2024,E4
P042025,2024,E2
P027876,2024,E3
P033037,2024,E2
P032501,2024,E3
P014740,2024,E4
P033817,2024,E1
P048677,2024,E4
P046317,2024,E3
P024064,2024,E5
P026241,2024,E4
P023571,2024,E5
P000013,2024,E5
P032576,2024,E5
P007617,2024,E5
P043997,2024,E2
P021432,2024,E3
P044061,2024,E3
P032323,2024,E1
P045111,2024,E2
P010356,2024,E4
P017390,2024,E3
P042795,2024,E2
P039135,2024,E3
P015304,2024,E2
P032436,2024,E2
P019076,2024,E5
P048080,2024,E2
P027051,2024,E3
P034021,2024,E3
P015696,2024,E3
P013635,2024,E3
P010275,2024,E2
P007968,2024,E4
P027366,2024,E2
P035794,2024,E3
P033307,2024,E3
P041764,2024,E4
P006528,2024,E_UNKNOWN
P041163,2024,E4
P029201,2024,E5
P010117,2024,E2
P041353,2024,E6
P034647,2024,E2
P032445,2024,E3
P028852,2024,E3
P020851,2024,E2
P016510,2024,E3
P000165,2024,E4
P043354,2024,E5
P034121,2024,E3
P009447,2024,E3
P029771,2024,E2
P023774,2024,E3
P034216,2024,E3
P041134,2024,E3
P031791,2024,E2
P029314,2024,E2
P016066,2024,E2
P014127,2024,E2
P047182,2024,E2
P043197,2024,E1
P038177,2024,E3
P036257,2024,E3
P035428,2024,E4
P004215,2024,E4
P035457,2024,E1
P021622,2024,E5
P029586,2024,E3
P029074,2023,E5
P014151,2024,E5
P040656,2024,E3
P040080,2024,E3
P036948,2024,E3
P032778,2024,E1
P043156,2024,E2
P005773,2024,E4
P000321,2024,E3
P007411,2024,E5
P018493,2024,E2
P048577,2024,E2
P009116,2024,E5
P036191,2024,E4
P045555,2024,E3
P039641,2024,E3
P035296,2024,E2
P025657,2024,E6
P037335,2024,E2
P021614,2024,E3
P044445,2024,E3
P009078,2024,E3
P002153,2024,E3
P045270,2024,E3
P007764,2024,E5
P006191,2024,E3
P001829,2024,E4
P004373,2024,E3
P032088,2024,E2
P031554,2024,E1
P002012,2024,E4
P028035,2024,E4
P031607,2024,E3
P043369,2024,E2
P038350,2024,E3
P001374,2024,E2
P017715,2024,E2
P007330,2024,E5
P029039,2024,E2
P018737,2024,E3
P017303,2024,E3
P004031,2024,E2
P042138,2024,E2
P030890,2024,E3
P032057,2024,E1
P048942,2024,E3
P038296,2024,E2
P011979,2024,E3
P028738,2024,E3
P006653,2024,E3
P024046,2024,E2
P031968,2024,E_UNKNOWN
P032099,2024,E2
P046903,2024,E3
P014312,2024,E2
P011250,2024,E3
P047971,2024,E2
P049413,2024,E3
P037042,2024,E1
P013466,2024,E2
P002733,2024,E2
P014715,2024,E1
P033549,2024,E4
P020403,2024,E2
P016723,2024,E5
P037621,2024,E3
P013957,2024,E2
P016010,2024,E3
P010785,2024,E3
P037003,2024,E5
P014075,2024,E2
P012482,2024,E3
P017097,2024,E4
P031559,2024,E2
P045403,2024,E3
P041977,2024,E2
P012259,2024,E5
P047097,2024,E1
P038100,2024,E5
P008692,2024,E3
P036929,2024,E4
P034033,2024,E4
P041742,2024,E2
P022685,2024,E5
P007320,2024,E4
P007950,2024,E3
P042590,2024,E2
P047159,2024,E3
P036672,2024,E2
P011644,2024,E3
P004799,2024,E2
P019853,2024,E3
P011516,2024,E3
P038913,2024,E3
P015663,2024,E3
P041671,2024,E3
P038692,2024,E2
P043920,2024,E2
P023028,2024,E6
P009726,2024,E2
P007464,2024,E2
P006180,2024,E3
P030329,2024,E4
P012050,2024,E2
P029431,2024,E3
P036382,2024,E2
P002307,2024,E2
P044169,2024,E3
P001334,2024,E2
P049652,2024,E3
P009461,2024,E4
P023822,2024,E3
P027263,2024,E3
P038545,2024,E3
P038394,2024,E3
P034478,2024,E3
P028473,2024,
P048284,2024,E4
P036072,2024,E3
P032844,2024,E3
P007641,2024,E5
P013144,2024,E5
P011806,2024,E3
P049540,2024,E5
P037125,2024,E6
P035437,2024,E3
P001188,2024,E3
P001409,2024,E2
P003284,2024,E2
P048491,2024,E2
P000838,2024,E2
P002902,2024,E3
P015983,2024,E5
P002349,2024,E4
P008383,2024,E1
P048935,2024,E1
P038393,2024,E3
P020676,2024,E4
P048812,2024,E3
P047662,2024,E4
P031602,2024,E1
P025636,2024,E3
P043979,2024,E2
P018874,2024,E2
P046027,2024,E3
P023618,2024,E4
P028412,2024,E1
P038216,2024,E2
P018541,2024,E3
P023391,2024,E3
P005396,2024,E2
P008249,2024,E3
P002416,2024,E2
P021017,2024,E4
P018089,2024,E1
P035001,2024,E4
P011200,2024,E3
P004729,2024,E3
P028926,2024,E2
P001044,2024,E3
P039575,2024,E1
P022298,2024,E3
P023014,2024,E4
P012372,2024,E4
P026276,2024,E2
P022743,2024,E2
P033754,2024,E3
P014896,2024,E3
P013106,2024,E4
P049754,2024,E5
P048824,2024,E3
P004310,2024,E1
P032575,2024,E2
P045302,2024,E3
P017348,2024,E3
P046202,2024,E2
P007168,2024,E3
P043383,2024,E2
P002460,2024,E5
P007101,2024,E3
P018128,2024,E4
P026425,2024,E3
P049723,2024,E4
P025908,2024,E3
P046164,2024,E4
P014438,2024,E5
P021355,2024,E1
P044119,2024,E3
P038874,2024,E2
P003145,2024,E3
P028143,2024,E1
P033025,2024,E3
P009093,2024,E3
P049640,2024,E3
P040402,2024,E5
P041340,2024,E2
P027588,2024,E4
P032467,2024,E4
P047414,2024,E4
P034670,2024,E3
P003770,2024,E2
P026477,2024,E5
P046577,2024,E3
P046789,2024,E3
P021978,2024,E1
P002567,2024,E5
P034798,2024,E3
P010471,2024,E2
P001729,2024,E2
P049865,2024,E1
P025723,2024,E3
P022824,2024,E3
P039928,2024,E2
P027252,2024,
P037884,2024,E4
P038001,2024,E2
P007590,2024,E3
P031834,2024,E3
P032463,2024,E2
P031550,2024,E_UNKNOWN
P032149,2024,E3
P030776,2024,E2
P043227,2024,E4
P004419,2024,E4
P000241,2024,E2
P008098,2024,E3
P036076,2024,E2
P028632,2024,E5
P035800,2024,E1
P007784,2024,E3
P011814,2024,E4
P016235,2024,E3
P043869,2024,E3
P002678,2024,E2
P024684,2024,E3
P008394,2024,E3
P003888,2024,E2
P026071,2024,E3
P004483,2024,E4
P012320,2024,E2
P046896,2024,E2
P016035,2024,E2
P004610,2024,E2
P028105,2024,E5
P019308,2024,E3
P024418,2024,E1
P047145,2024,E5
P033094,2024,E2
P043747,2024,
P043124,2024,E3
P039286,2024,E4
P010889,2024,E3
P029783,2024,E2
P019051,2024,E3
P042654,2024,E2
P046361,2024,E2
P008496,2024,E4
P016523,2024,E3
P020671,2024,E3
P005348,2024,E3
P028575,2024,E2
P025439,2024,E2
P030809,2024,E2
P027407,2024,E4
P029937,2024,
P003799,2024,E3
P043458,2024,E2
P029841,2024,E2
P040959,2024,E4
P016514,2024,E5
P042767,2024,E3
P038771,2024,E1
P037130,2024,E2
P049238,2024,E3
P031706,2024,E2
P011996,2024,E3
P028356,2024,E3
P041330,2024,E3
P045693,2024,E2
P013699,2024,
P004248,2024,E3
P009269,2024,E1
P046593,2024,E2
P005569,2024,E2
P001983,2024,
P034805,2024,E2
P027301,2024,E2
P033066,2024,E3
P028698,2024,E3
P024668,2024,E2
P045348,2024,E3
P021174,2024,E3
P031244,2024,E3
P012377,2024,E4
P034183,2024,E3
P028847,2024,E3
P031526,2024,E2
P024771,2024,E1
P040473,2024,E3
P036608,2024,E3
P035896,2024,E3
P010486,2024,E1
P004964,2024,E5
P027322,2024,E3
P048521,2024,E1
P034311,2024,E4
P006092,2024,E3
P019455,2024,E4
P042077,2024,E5
P009855,2024,E3
P049903,2024,E2
P009267,2024,E3
P046451,2024,E4
P017316,2024,E1
P007287,2024,E5
P011959,2024,E4
P048833,2024,E3
P021743,2024,E3
P027941,2024,E2
P042438,2024,E2
P025501,2024,E2
P014453,2024,E3
P004901,2024,E3
P029447,2024,E3
P029256,2024,E5
P001289,2024,E4
P004844,2024,E4
P008689,2024,E4
P008132,2024,E1
P000147,2024,E5
P018342,2024,E2
P033293,2024,E4
P034308,2024,E1
P033234,2024,E2
P029132,2024,E1
P039185,2024,E5
P011902,2024,E2
P015143,2024,E3
P033862,2024,E3
P028768,2024,E4
P007085,2024,E2
P042617,2024,E4
P039469,2024,E2
P033912,2024,E1
P012728,2024,E2
P015817,2024,E3
P010593,2024,E5
P010669,2024,E3
P008219,2024,E2
P035846,2024,E6
P003910,2024,E3
P017841,2024,E2
P036104,2024,E3
P047175,2024,E3
P004819,2024,E2
P022564,2024,E2
P017892,2024,E3
P019807,2024,E3
P030312,2024,E5
P045571,2024,E4
P042959,2024,E4
P037358,2024,E4
P016380,2024,E6
P029239,2024,E3
P007812,2024,E4
P049990,2024,E3
P002263,2024,E6
P007551,2024,E2
P028301,2024,E1
P046721,2024,E3
P001946,2024,E3
P009019,2024,E2
P016043,2024,E4
P040248,2024,E3
P008857,2024,E3
P017185,2024,E2
P030865,2024,E2
P047724,2024,E4
P023758,2024,E3
P006277,2024,E3
P000093,2024,E3
P008217,2024,E1
P007862,2024,E2
P038735,2024,E3
P018590,2024,E_UNKNOWN
P027284,2024,
P035412,2024,E3
P014922,2024,E3
P049118,2024,E4
P027109,2024,E3
P006298,2024,E3
P046693,2024,E3
P031454,2024,E2
P003068,2024,E2
P010965,2024,E2
P043485,2024,E3
P003677,2024,
P034957,2024,E_UNKNOWN
P036145,2024,E2
P019205,2024,E5
P022665,2024,E2
P016803,2024,E5
P002981,2024,E3
P034998,2024,E2
P034514,2024,E4
P030628,2024,E4
P037557,2024,
P017990,2024,E3
P002252,2024,E3
P011536,2024,E5
P046844,2024,E2
P041573,2024,E3
P026412,2024,E4
P017885,2024,E2
P034206,2024,E2
P003410,2024,E3
P038028,2024,E2
P048297,2024,E3
P005121,2024,E3
P047557,2024,E3
P049366,2024,E6
P012966,2024,E4
P019227,2024,E2
P022900,2024,E2
P021812,2024,E1
P048981,2024,E3
P023880,2024,E3
P017601,2024,E6
P005144,2024,E3
P047351,2024,E2
P006696,2024,E2
P010908,2024,E2
P016978,2024,E3
P012135,2024,E2
P020891,2024,E3
P013390,2024,E3
P047785,2024,E2
P029542,2024,E5
P009214,2024,E1
P039705,2024,E1
P035607,2024,E3
P031203,2024,E3
P032652,2024,E4
P002785,2024,E3
P036438,2024,E2
P046377,2024,E2
P009257,2024,E1
P037638,2024,E5
P046195,2024,E3
P020069,2024,E1
P028528,2024,E3
P017328,2024,E6
P032454,2024,E3
P019907,2024,E4
P036565,2024,E3
P027664,2024,E2
P017251,2024,E5
P002206,2024,E3
P005136,2024,E3
P001736,2024,E1
P018391,2024,E3
P020565,2024,E5
P001424,2024,E3
P042059,2024,E4
P039414,2024,E1
P037002,2024,E5
P010616,2024,E3
P020616,2024,E4
P032934,2024,E2
P039715,2024,E2
P041025,2024,E4
P021747,2024,E3
P006627,2024,E4
P019506,2024,E3
P023166,2024,E1
P003331,2024,E1
P017855,2024,E1
P026786,2024,E3
P028884,2024,E4
P033693,2024,E4
P034496,2024,E4
P040225,2024,E2
P038121,2024,E5
P018660,2024,E3
P019746,2024,E1
P042315,2024,E_UNKNOWN
P026756,2024,E2
P032583,2024,E4
P012890,2024,E1
P035493,2024,E4
P049127,2024,E3
P043713,2024,E3
P023596,2024,
P043382,2024,E2
P023895,2024,E2
P027017,2024,E2
P040820,2024,E2
P001693,2024,E2
P016107,2024,E3
P021192,2024,E2
P014962,2024,E4
P007002,2024,
P020959,2024,E4
P015015,2024,E4
P001992,2024,E2
P039864,2024,E3
P017379,2024,E2
P030246,2024,E2
P022175,2024,E3
,2024,E3
P026996,2024,E3
P038435,2024,E3
P007998,2024,E2
P015342,2024,E3
P041847,2024,E3
P019733,2024,E4
P000019,2024,E3
P024196,2024,E2
P039333,2024,E3
P035342,2024,E4
P043549,2024,E3
P024910,2024,E2
P012029,2024,E3
P021096,2024,E3
P047298,2024,E3
P041034,2024,E6
P027131,2024,E1
P026860,2024,E4
P022969,2024,E3
P047244,2024,E3
P049727,2024,E3
P043258,2024,E2
P010214,2024,E3
P023089,2024,E4
P012496,2024,E3
P020486,2024,E6
P020273,2024,E3
P022381,2024,E2
P001252,2024,E3
P032271,2024,E2
P000366,2024,E6
P014093,2024,E2
P020655,2024,E3
P044238,2024,E3
P027572,2024,E3
P014729,2024,E3
P042549,2024,E6
P043744,2024,E2
P026133,2024,E3
P047972,2024,E_UNKNOWN
P035713,2024,E3
P008818,2024,E2
P006870,2024,E3
P026911,2024,E5
P023092,2024,E1
P029686,2024,E3
P034745,2024,E2
P038700,2024,E3
P045413,2024,E3
P007409,2024,E3
P032731,2024,E1
P047423,2024,E5
P036371,2024,E2
P004652,2024,E3
P034504,2024,E1
P000032,2024,E4
P002830,2024,E1
P015285,2024,E4
P034842,2024,E3
P036127,2024,E1
P029337,2024,E3
P011434,2024,E3
P028255,2024,
P034910,2024,E5
P024878,2024,E3
P044478,2024,E2
P023766,2024,E3
P042945,2024,E3
P011230,2024,E2
P021846,2024,E3
P020698,2024,E2
P010700,2024,E3
P035119,2024,E3
P039304,2024,E3
P018308,2024,E3
P030921,2024,E3
P049499,2024,E6
P013762,2024,E2
P035418,2024,E3
P004640,2024,E5
P002490,2024,E3
P002541,2024,E4
P017784,2024,E1
P009184,2024,E3
P047035,2024,E4
P036804,2024,E2
P027010,2024,E3
P040150,2024,E2
P032715,2024,E4
P039706,2024,E3
P046092,2024,E3
P025141,2024,E3
P032058,2024,E3
P027498,2024,E2
P045461,2024,E3
P005600,2024,E2
P010481,2024,E3
P036864,2024,E4
P018350,2024,E3
P008838,2024,E4
P018735,2024,E2
P005484,2024,E4
P043531,2024,E3
P019031,2024,E2
P041761,2024,E3
P011847,2024,E3
P002035,2024,E3
P043431,2024,E1
P040104,2024,E2
P043638,2024,E4
P043816,2024,E_UNKNOWN
P025782,2024,E3
P047066,2024,E1
P002937,2024,E2
P002625,2024,E5
P043432,2024,E1
P029355,2024,E3
P011560,2024,E2
P042442,2024,E3
P038626,2024,E3
P000046,2024,E3
P048364,2024,E3
P002957,2024,E4
P002016,2024,E2
P043788,2024,E5
P021392,2024,E4
P007471,2024,E1
P005207,2024,E4
P048817,2024,E3
P042905,2024,E4
P035410,2024,E3
P033597,2024,E4
P041490,2024,E2
P025135,2024,E3
P033162,2024,E3
P000274,2024,E5
P044708,2024,E4
P039401,2024,E3
P003177,2024,E4
P036810,2024,E4
P024513,2024,E4
P005907,2024,E4
P040509,2024,
P002789,2024,E3
P024559,2024,E3
P009613,2024,E2
P012659,2024,E2
P013570,2024,E4
P011389,2024,E3
P035372,2024,E3
P011024,2024,E4
P009379,2024,E5
P011157,2024,E2
P046541,2024,E5
P010695,2024,E2
P022072,2024,E2
P013695,2024,E3
P047260,2024,E5
P031656,2024,E1
P031387,2024,E2
P032446,2024,E4
P044873,2024,E4
P034926,2024,E4
P040673,2024,E3
P009963,2024,E3
P049742,2024,E2
P007086,2024,E2
P003431,2024,E4
P007948,2024,E5
P019066,2024,E3
P015029,2024,E3
P004544,2024,E5
P006886,2024,E3
P036443,2024,E4
P046713,2024,E3
P038770,2024,E2
P045358,2024,E3
P023359,2024,E3
P003648,2024,E2
P010338,2024,E2
P023683,2024,E2
P046348,2024,E3
P014709,2024,E4
P029374,2024,E1
P006071,2024,E1
P027977,2024,E3
P045681,2024,E4
P029880,2024,E5
P006742,2024,E4
P024733,2024,E1
P014687,2024,E3
P024354,2024,E4
P040603,2024,E3
P032193,2024,E1
P046358,2024,E2
P007773,2024,E3
P019699,2024,E3
P029699,2024,E4
P044152,2024,E4
P020675,2024,E1
P018597,2024,E3
P015890,2024,E3
P007237,2024,E3
P047376,2024,E2
P031504,2024,E3
P045931,2024,E1
P019111,2024,E3
P022654,2024,E5
P032246,2024,E2
P048018,2024,E2
P025326,2024,E3
P030421,2024,E1
P048822,2024,E2
P045791,2024,E3
P034396,2024,E5
P042747,2024,E6
P039194,2024,E1
P032824,2024,E3
P036827,2024,E2
P014514,2024,E2
P031047,2024,E3
P018273,2024,E2
P022437,2024,E2
P024126,2024,E3
P047241,2024,E4
P003672,2024,E1
P019156,2024,E3
P034062,2024,E3
P024961,2024,E5
P044711,2024,E4
P048972,2024,E3
P043298,2024,E4
P029909,2024,E3
P043410,2024,E2
P024113,2024,E2
P010169,2024,E4
P038444,2024,E1
P043033,2024,
P010602,2024,E1
P004532,2024,E3
P009344,2024,E2
P024358,2024,E5
P029694,2024,E4
P024706,2024,E2
P029284,2024,E4
P010500,2024,E2
P019424,2024,E2
P018954,2024,E2
P043228,2024,E4
P036133,2024,E4
P030098,2024,E3
P009058,2024,E3
P045395,2024,E3
P033815,2024,E2
P038115,2024,E3
P007176,2024,E2
P034089,2024,E2
P007904,2024,E2
P027029,2024,E4
P015247,2024,E3
P013864,2024,E5
P006577,2024,E4
P022574,2024,E3
P041435,2024,E2
P008431,2024,E2
P031142,2024,E3
P032075,2024,E4
P019832,2024,E2
P017592,2024,E2
P038148,2024,E2
P018340,2024,E1
P036921,2024,E3
P037508,2024,E3
P017944,2024,E5
P003180,2024,E5
P018317,2024,E3
P042610,2024,E2
P004089,2024,E3
P039308,2024,E4
P037381,2024,E3
P033944,2024,E2
P009419,2024,
P021429,2024,E5
P039519,2024,E3
P005792,2024,E5
P033248,2024,E3
P040647,2024,E5
P011009,2024,E3
P003674,2024,E4
P034498,2024,E6
P021151,2024,E5
P027962,2024,E1
P003775,2024,E3
P039165,2024,E2
P007087,2024,E5
P006220,2024,E5
P037395,2024,E3
P046565,2024,E4
P041762,2024,E3
P047032,2024,E3
P047060,2024,E3
P046102,2024,E5
P023088,2024,E3
P023869,2024,E4
P017627,2024,E1
P037481,2024,E3
P002098,2024,E3
P010631,2024,E1
P008204,2024,E5
P020145,2024,E2
P030741,2024,E1
P029259,2024,E3
P011784,2024,E4
P039819,2024,E5
P010664,2024,E2
P013703,2024,E1
P042012,2024,E1
P009054,2024,E3
P032594,2024,E3
P049381,2024,E2
P009634,2024,E4
P024122,2024,E3
P035586,2024,E6
P017117,2024,E3
P036122,2024,E3
P021195,2024,E2
P039436,2024,E3
P004609,2024,E1
P036832,2024,E3
P016069,2024,E4
P023928,2024,E4
P015147,2024,E2
P001125,2024,E3
P044184,2024,E3
P040854,2024,E4
P031715,2024,E3
P037431,2024,E1
P020499,2024,E1
P003989,2024,E2
P007404,2024,E3
P036406,2024,E2
P030619,2024,E1
P024757,2024,E4
P047669,2024,E5
P044335,2024,E5
P031723,2024,E2
P031158,2024,E4
P027899,2024,E2
P044729,2024,E4
P029844,2024,E2
P010952,2024,E2
P013424,2024,E5
P045635,2024,E2
P002806,2024,E3
P000243,2024,E3
P020249,2024,E3
P035360,2024,E4
P015394,2024,E2
P046695,2024,E4
P038338,2024,E5
P002803,2024,E3
P047878,2024,E2
P011415,2024,E2
P009600,2024,E2
P036096,2024,E1
P014742,2024,E4
P013186,2024,E4
P039857,2024,E2
P022488,2024,E6
P046077,2024,E2
P009870,2024,E3
P001331,2024,E3
P021538,2024,E3
P041107,2024,E4
P028628,2024,E3
P034291,2024,E2
P006913,2024,E3
P004240,2024,E1
P017223,2024,E4
P030820,2024,E2
P016062,2024,E1
P003554,2024,E6
P022100,2024,E2
P040426,2024,E6
P018211,2024,E5
P046489,2024,E4
P004613,2024,E4
P033589,2024,E2
P028681,2024,E2
P043207,2024,E5
P036720,2024,E3
P010807,2024,E3
P033023,2024,E4
P017881,2024,E3
P011688,2024,E3
P027168,2024,E3
P004354,2024,E1
P011619,2024,E4
P032079,2024,E4
P047083,2024,E3
P042488,2024,E5
P026612,2024,E1
P018730,2024,E3
P006034,2024,E2
P033818,2024,E2
P048969,2024,E3
P042104,2024,E3
P013531,2024,E2
P003306,2024,E_UNKNOWN
P008336,2024,E3
P020843,2024,E2
P047098,2024,E3
P021911,2024,E3
P010469,2024,E4
P006265,2024,E5
P011587,2024,E5
P027452,2024,E3
P002293,2024,E3
P034474,2024,E4
P035005,2024,E1
P003477,2024,E1
P030512,2024,E3
P011297,2024,E2
P049232,2024,E2
P017655,2024,E4
P000326,2024,E4
P003198,2024,E4
P011047,2024,
P010556,2024,E4
P027682,2024,E2
P007990,2024,E2
P042437,2024,E4
P031824,2024,E3
P029940,2024,E2
P014587,2024,E3
P034994,2024,E3
P026176,2024,E3
P024730,2024,E2
P001911,2024,E2
P033655,2024,E1
P024295,2024,E3
P041320,2024,E2
P009038,2024,E2
P019697,2024,E3
P012989,2024,E3
P022042,2024,E3
P023353,2024,E4
P016685,2024,E4
P015155,2024,E4
P023296,2024,E5
P019119,2024,E3
P012948,2024,E2
P030794,2024,E2
P019438,2024,E3
P026429,2024,E5
P047274,2024,E3
P037214,2024,E4
P024102,2024,E5
P040196,2024,E2
P007921,2024,E3
P032856,2024,E5
P005577,2024,E4
P016246,2024,E2
P042356,2024,E3
P031638,2024,E1
P037589,2024,E3
P025788,2024,E5
P024998,2024,E3
P049284,2024,E4
P019108,2024,E1
P049810,2024,E2
P013640,2024,E4
P020691,2024,E4
P035538,2024,E4
P036238,2024,E1
P037291,2024,E4
P000776,2024,E2
P022477,2024,E2
P022669,2024,E2
P017227,2024,E5
P018328,2024,E1
P023836,2024,E3
P032260,2024,E1
P036032,2024,E4
P042969,2024,E2
P033036,2024,E5
P005673,2024,E3
P032404,2024,E3
P045108,2024,E3
P008108,2024,E2
P026769,2024,E3
P012766,2024,E3
P039997,2024,E6
P007802,2024,E2
P014162,2024,E3
P041018,2024,E3
P029136,2024,E4
P035916,2024,E4
P020070,2024,E4
P035765,2024,E2
P041323,2024,E3
P030544,2024,E3
P029112,2024,E2
P047192,2024,E5
P022705,2024,E3
P038542,2024,E2
P036601,2024,E2
P011125,2024,E4
P016405,2024,E3
P026593,2024,E3
P041806,2024,E3
P034328,2024,E5
P033413,2024,E3
P019857,2024,E2
P045864,2024,E4
P009733,2024,E2
P001429,2024,E4
P049411,2024,E3
P025214,2024,E6
P013076,2024,E3
P020378,2024,E3
P037644,2024,E2
P024017,2024,E5
P026112,2024,E3
P046917,2024,E2
P015116,2024,E2
P037022,2024,E3
P032712,2024,E3
P010501,2024,E3
P034150,2024,E3
P023765,2024,E4
P030618,2024,E5
P029228,2024,E1
P007195,2024,E5
P022389,2024,E3
P007836,2024,E3
P018017,2024,E1
P044487,2024,E3
P013965,2024,E3
P025216,2024,E3
P038593,2024,E3
P049214,2024,E4
P039315,2024,E5
P019473,2024,E2
P004048,2024,E4
P044452,2024,E3
P022128,2024,E3
P014323,2024,E3
P011231,2024,E3
P029164,2024,E4
P032561,2024,E2
P014820,2024,E4
P032499,2024,E1
P034489,2024,E4
P006799,2024,E3
P045917,2024,E4
P009962,2024,E3
P030327,2024,E4
P000969,2024,E2
P008516,2024,E1
P012626,2024,E3
P025334,2024,E3
P041527,2024,E2
P030832,2024,E5
P010376,2024,E2
P037159,2024,E2
P048695,2024,E3
P005983,2024,E4
P013716,2024,E3
P020803,2024,E2
P039178,2024,E3
P014244,2024,E3
P022558,2024,E3
P012280,2024,E6
P042020,2024,E3
P006289,2024,E5
P031724,2024,E3
P003809,2024,E2
P004136,2024,E2
P019790,2024,E2
P044313,2024,E2
P026504,2024,E3
P004543,2024,E5
P012042,2024,E3
P027049,2024,E2
P039209,2024,E3
P006181,2024,E3
P003475,2024,E4
P046874,2024,E5
P001705,2024,E2
P025058,2024,E1
P034688,2024,E4
P040018,2024,E3
P007832,2024,E3
P034841,2024,E4
P017295,2024,E2
P017308,2024,E4
P047850,2024,E4
P017434,2024,E4
P006880,2024,E3
P019153,2024,E1
P045838,2024,E5
P000585,2024,E3
P025173,2024,E4
P027984,2024,E3
P002987,2024,E2
P008658,2024,E3
P019101,2024,E3
P006835,2024,E3
P020419,2024,E1
P038651,2024,E1
P039381,2024,E3
P047582,2024,E3
P000037,2024,E2
P030281,2024,E3
P040200,2024,E4
P045516,2024,E2
P021652,2024,E4
P005507,2024,E3
P034768,2024,E3
P049446,2024,E3
P007728,2024,E2
P003848,2024,E3
P039279,2024,E3
P048238,2024,E2
P032974,2024,E2
P045502,2024,E3
P039795,2024,E3
P000525,2024,E1
P017846,2024,E2
P044191,2024,E3
P011209,2024,E4
P040357,2024,E1
P007112,2024,E3
P031935,2024,E3
P038126,2024,E2
P022948,2024,E1
P010166,2024,E4
P049547,2024,E3
P028180,2024,E3
P037825,2024,E3
P016037,2024,E3
P001484,2024,E1
P005648,2024,E3
P046871,2024,E3
P042717,2024,E4
P001096,2024,E3
P025397,2024,E3
P000080,2024,E3
P021619,2024,E3
P037720,2024,E2
P032200,2024,E4
P048852,2024,E2
P022542,2024,E2
P009430,2024,E3
P000663,2024,E4
P040462,2024,E2
P010350,2024,E3
P028266,2024,E3
P020857,2024,E3
P014209,2024,E5
P036167,2024,E3
P028340,2024,E2
P017775,2024,E5
P040121,2024,E3
P013541,2024,E2
P048249,2024,E3
P045664,2024,E2
P014653,2024,E5
P041776,2024,E4
P003937,2024,E2
P027347,2024,E2
P015619,2024,E3
P046199,2024,E1
P022129,2024,E3
P049206,2024,E2
P012985,2024,E2
P001839,2024,E3
P024454,2024,E3
P005863,2024,E1
P049676,2024,E3
P012227,2024,E4
P038520,2024,E4
P015791,2024,E3
P047464,2024,E2
P035639,2024,E2
P039561,2024,E3
P037055,2024,E2
P040645,2024,E3
P039799,2024,E2
P007177,2024,E3
P008279,2024,E3
P008038,2024,E4
P042006,2024,E2
P011247,2024,E3
P043703,2024,E2
P032747,2024,E3
P023522,2024,E3
P013778,2024,E2
P006979,2024,E5
P036261,2024,E2
P022728,2024,E3
P043440,2024,E3
P042414,2024,E3
P003040,2024,E2
P047837,2024,E1
P013214,2024,E3
P027033,2024,E3
P023648,2024,E4
P021182,2024,E4
P045101,2024,E1
P017927,2024,E3
P002277,2024,E2
P048643,2024,E4
P008891,2024,E4
P035785,2024,E5
P022242,2024,E5
P024752,2024,E4
P024853,2024,E4
P045013,2024,E4
P024549,2024,E2
P029991,2024,E2
P025575,2024,E2
P031925,2024,E1
P041566,2024,E3
P010396,2024,E3
P003979,2024,E2
P027987,2024,E4
P014897,2024,E3
P045930,2024,E2
P028706,2024,E3
P016521,2024,E3
P017913,2024,E2
P002884,2024,E1
P040773,2024,E1
P008145,2024,E3
P007408,2024,E3
P022926,2024,E5
P030664,2024,E4
P028312,2024,E3
P045994,2024,E6
P026035,2024,E4
P024062,2024,E2
P013358,2024,E3
P032412,2024,E3
P044509,2024,E5
P012616,2024,E3
P028271,2024,E3
P002829,2024,E4
P049465,2024,E2
P045865,2024,E3
P030418,2024,E2
P004384,2024,E2
P031601,2024,E2
P036995,2024,E2
P013448,2024,E1
P002750,2024,E2
P006783,2024,E3
P003988,2024,E3
P002180,2024,E1
P027161,2024,E2
P043764,2024,E2
P035659,2024,E3
P024572,2024,E3
P037618,2024,E3
P011632,2024,E_UNKNOWN
P020865,2024,E3
P006292,2024,E1
P013919,2024,E5
P040643,2024,E2
P021824,2024,E2
P001309,2024,E5
P031538,2024,E3
P024536,2024,E3
P033892,2024,E2
P009468,2024,E4
P042147,2024,E3
P032937,2024,E4
P017782,2024,
P029191,2024,E3
P045755,2024,E3
P037907,2024,E3
P018655,2023,E4
P012269,2024,E3
P047509,2024,E2
P031908,2024,E1
P040001,2024,E3
P003143,2024,E3
P016795,2024,E4
P042100,2024,E3
P026069,2024,E2
P018349,2024,E3
P003695,2024,E2
P000611,2024,E2
P015614,2024,E5
P027211,2024,E3
P009177,2024,E2
P009014,2024,E3
P007722,2024,E2
P015987,2024,E3
P031657,2024,E1
P017018,2024,E3
P028069,2024,E2
P042471,2024,E2
P031567,2024,E4
P045903,2024,E3
P004890,2024,E4
P045317,2024,E3
P046214,2024,E4
P006853,2024,E3
P039619,2024,E6
P002742,2024,E5
P048078,2024,E2
P024014,2024,
P002732,2024,E2
P036702,2024,E2
P035712,2024,E4
P030799,2024,E2
P007768,2024,E3
P015802,2024,E3
P041751,2024,E2
P009519,2024,E4
P038566,2024,E3
P030320,2024,E4
P034172,2024,E2
P025972,2024,E5
P048929,2024,E3
P040188,2024,E2
P027719,2024,E4
P037401,2024,E4
P008868,2024,E3
P000809,2024,E1
P028599,2024,E4
P029792,2024,E2
P000364,2024,E3
P023783,2024,E1
P039382,2024,E3
P027877,2024,E3
P041350,2024,E3
P045240,2024,E3
P025962,2024,E4
P011821,2024,E4
P041654,2024,E2
P019458,2024,E2
P013874,2024,E2
P003126,2024,E2
P032719,2024,E1
P020255,2024,E3
P004905,2024,E3
P024222,2024,E3
P026273,2024,E1
P027144,2024,E4
P020944,2024,E2
P040444,2024,E3
P025806,2024,E4
P007502,2024,E4
P025438,2024,E2
P005208,2024,E2
P046888,2024,E2
P014978,2024,E1
P020563,2024,E2
P002300,2024,E1
P018320,2024,E1
P038249,2024,E2
P020665,2024,E2
P001139,2024,E3
P043751,2024,E2
P048626,2024,E3
P000343,2024,E3
P044501,2024,E2
P006914,2024,E_UNKNOWN
P044355,2024,E1
P018226,2024,E4
P035124,2024,E3
P037502,2024,E2
P010332,2024,E5
P041888,2024,E3
P036123,2024,E5
P035993,2024,E3
P001596,2024,E3
P009025,2024,E2
P033359,2024,E3
P009705,2024,E2
P019941,2024,E3
P013700,2024,E5
P032720,2024,E3
P007245,2024,E3
P001845,2024,E5
P021035,2024,E3
P006192,2024,E3
P028668,2024,E3
P026083,2024,E2
P029839,2024,E3
P004243,2024,E3
P019834,2024,E4
P028514,2024,E4
P035368,2024,E2
P031223,2024,E3
P002770,2024,E5
P018396,2024,E2
P034037,2024,E5
P002738,2024,E2
P025021,2024,E5
P042385,2024,E3
P044619,2024,E4
P015460,2024,E2
P015720,2024,E6
P000556,2024,E2
P041788,2024,E3
P031621,2024,E1
P006087,2024,E2
P004736,2024,E4
P031782,2024,E3
P026729,2024,E3
P002857,2024,E2
P041931,2024,E5
P012818,2024,E3
P012697,2024,
P016746,2024,E4
P044294,2024,E3
P032674,2024,E1
P027972,2024,E3
P001717,2024,E1
P026126,2024,E2
P008713,2024,E2
P004607,2024,E4
P041845,2024,E4
P042789,2024,E_UNKNOWN
P024605,2024,E2
P007619,2024,E3
P000631,2024,E3
P047754,2024,E3
P001885,2024,E3
P040990,2024,E1
P019013,2024,E3
P016943,2024,E6
P012919,2024,E2
P042627,2024,E3
P016721,2024,E1
P034905,2024,E4
P020327,2024,E2
P020755,2024,E3
P000765,2024,E3
P037804,2024,E1
P041861,2024,E3
P005299,2024,E3
P029926,2024,E5
P011938,2024,E4
P029801,2024,E2
P002237,2024,E3
P040284,2024,E2
P019584,2024,E2
P031268,2024,E2
P019758,2024,E3
P046203,2024,E4
P032456,2024,E2
P037045,2024,E2
P005695,2024,E3
P010516,2024,E3
P002684,2024,E3
P047514,2024,E4
P003303,2024,E3
P032603,2024,E3
P016109,2024,E3
P044585,2024,E3
P020026,2024,E2
P025217,2024,E4
P017843,2024,E3
P035603,2024,E3
P038312,2024,E2
,2024,E3
P039054,2024,E5
P046739,2024,E3
P004105,2024,E2
P049511,2024,E1
P040724,2024,E1
P003804,2024,E3
P009838,2024,E3
P010525,2024,E4
P030985,2024,E2
P024448,2024,E3
P030771,2024,E3
P024890,2024,E6
P041637,2024,E3
P028391,2024,E3
P031476,2024,E4
P024802,2024,E4
P002195,2024,E3
P048046,2024,E2
P020556,2024,E1
P025245,2024,E3
P018270,2024,E3
P003221,2024,E4
P046549,2024,E4
P019391,2024,E5
P049254,2024,E3
P001642,2024,E1
P014495,2024,E5
P015714,2024,E2
P045441,2024,E3
P029955,2024,E3
P040135,2024,E5
P045193,2024,E3
P026091,2024,E3
P037857,2024,E6
P038776,2024,E3
P034246,2024,E3
P039914,2024,E1
P001668,2024,E5
P002286,2024,E3
P008780,2024,E3
P043537,2024,E5
P010864,2024,E5
P015562,2024,E3
P047755,2024,E3
P037646,2024,E2
P047472,2024,E3
P033169,2024,E4
P026177,2024,E3
P014342,2024,E3
P028533,2024,E5
P045029,2024,E5
P015411,2024,E2
P044736,2024,E1
P001335,2024,E2
P037732,2024,E2
P007289,2024,E3
P020747,2024,E3
P006705,2024,E2
P040051,2024,E3
P016595,2024,E2
P002765,2024,E3
P024183,2024,E2
P005816,2024,E2
P035971,2024,E4
P001441,2024,E2
P041416,2024,E1
P016190,2024,E2
P016872,2024,E2
P027611,2024,E3
P006205,2024,E2
P039680,2024,E5
P013182,2024,E3
P024917,2024,E4
P021946,2024,E3
P019220,2024,E2
P048631,2024,E2
P042038,2024,E2
P003373,2024,E2
P026371,2024,E4
P001978,2024,E2
P029189,2024,E3
P030953,2024,E3
P031021,2024,E2
P010185,2024,E3
P015349,2024,E1
P018024,2024,E4
P039719,2024,E3
P006859,2024,E5
P018319,2024,E3
P006753,2024,E3
P021062,2024,E3
P027495,2024,E3
P034311,2024,E4
P043383,2024,E2
P049723,2024,E4
P031928,2024,E2
P021493,2024,E5
P037417,2024,E3
P017769,2024,E4
P013466,2024,E2
P036289,2024,E2
P048491,2024,E2
P032472,2024,E3
P046193,2024,E5
P048617,2024,E2
P022654,2024,E5
P024572,2024,E3
P021743,2024,E3
